<?xml version="1.0"?>
<EmbeddedProfile xmlns:xsi="http://www.w3.org/2001/XMLSchema-instance" xmlns:xsd="http://www.w3.org/2001/XMLSchema">
  <ToolchainID>com.visualgdb.arm-eabi</ToolchainID>
  <ToolchainVersion>
    <GCC>9.3.1</GCC>
    <GDB>9.2.0</GDB>
    <Revision>2</Revision>
  </ToolchainVersion>
  <BspID>com.sysprogs.arm.stm32</BspID>
  <BspVersion>2021.02</BspVersion>
  <McuID>STM32F103RCTx</McuID>
  <MCUDefinitionFile>STM32F1xxxx/DeviceDefinitions/stm32f103xe.xml</MCUDefinitionFile>
  <MCUProperties>
    <Entries>
      <KeyValue>
        <Key>com.sysprogs.bspoptions.primary_memory</Key>
        <Value>flash</Value>
      </KeyValue>
      <KeyValue>
        <Key>com.sysprogs.mcuoptions.ignore_startup_file</Key>
      </KeyValue>
      <KeyValue>
        <Key>com.sysprogs.toolchainoptions.arm.libctype</Key>
        <Value>--specs=nano.specs</Value>
      </KeyValue>
      <KeyValue>
        <Key>com.sysprogs.toolchainoptions.arm.syscallspecs</Key>
        <Value>--specs=nosys.specs</Value>
      </KeyValue>
    </Entries>
  </MCUProperties>
  <BSPSourceFolderName>Device-specific files</BSPSourceFolderName>
  <MCUMakFile>stm32.mak</MCUMakFile>
  <ReferencedFrameworks />
  <FrameworkProperties>
    <Entries />
  </FrameworkProperties>
  <TestFrameworkProperties>
    <Entries />
  </TestFrameworkProperties>
  <ImportedProject>
    <ImporterID>com.sysprogs.project_importers.stm32.cubemx</ImporterID>
    <RelativeProjectPath>DVM.gpdsc</RelativeProjectPath>
    <AllDependencies>
      <ProjectDependency>
        <RelativePath>DVM.gpdsc</RelativePath>
        <Timestamp>132639139690308208</Timestamp>
      </ProjectDependency>
    </AllDependencies>
    <RootDirectory>
      <Subdirectories>
        <VirtualDirectorySnapshot>
          <Name>CORE</Name>
          <Files>
            <VirtualFileSnapshot>
              <RelativePath>C:\Users\LJ\STM32Cube\Repository\STM32Cube_FW_F1_V1.8.3\Drivers\CMSIS\Include\core_cm3.h</RelativePath>
            </VirtualFileSnapshot>
          </Files>
        </VirtualDirectorySnapshot>
        <VirtualDirectorySnapshot>
          <Name>Startup</Name>
          <Files>
            <VirtualFileSnapshot>
              <RelativePath>C:\Users\LJ\STM32Cube\Repository\STM32Cube_FW_F1_V1.8.3\Drivers\CMSIS\Device\ST\STM32F1xx\Include\stm32f1xx.h</RelativePath>
            </VirtualFileSnapshot>
            <VirtualFileSnapshot>
              <RelativePath>C:\Users\LJ\STM32Cube\Repository\STM32Cube_FW_F1_V1.8.3\Drivers\CMSIS\Device\ST\STM32F1xx\Include\system_stm32f1xx.h</RelativePath>
            </VirtualFileSnapshot>
            <VirtualFileSnapshot>
              <RelativePath>C:\Users\LJ\STM32Cube\Repository\STM32Cube_FW_F1_V1.8.3\Drivers\CMSIS\Device\ST\STM32F1xx\Source\Templates\system_stm32f1xx.c</RelativePath>
            </VirtualFileSnapshot>
          </Files>
        </VirtualDirectorySnapshot>
        <VirtualDirectorySnapshot>
          <Name>STM32Cube HAL</Name>
          <Subdirectories>
            <VirtualDirectorySnapshot>
              <Name>COMMON</Name>
              <Files>
                <VirtualFileSnapshot>
                  <RelativePath>C:\Users\LJ\STM32Cube\Repository\STM32Cube_FW_F1_V1.8.3\Drivers\STM32F1xx_HAL_Driver\Inc\stm32f1xx_hal.h</RelativePath>
                </VirtualFileSnapshot>
                <VirtualFileSnapshot>
                  <RelativePath>C:\Users\LJ\STM32Cube\Repository\STM32Cube_FW_F1_V1.8.3\Drivers\STM32F1xx_HAL_Driver\Src\stm32f1xx_hal.c</RelativePath>
                </VirtualFileSnapshot>
                <VirtualFileSnapshot>
                  <RelativePath>C:\Users\LJ\STM32Cube\Repository\STM32Cube_FW_F1_V1.8.3\Drivers\STM32F1xx_HAL_Driver\Inc\Legacy\stm32_hal_legacy.h</RelativePath>
                </VirtualFileSnapshot>
                <VirtualFileSnapshot>
                  <RelativePath>C:\Users\LJ\STM32Cube\Repository\STM32Cube_FW_F1_V1.8.3\Drivers\STM32F1xx_HAL_Driver\Inc\stm32f1xx_hal.h</RelativePath>
                </VirtualFileSnapshot>
                <VirtualFileSnapshot>
                  <RelativePath>C:\Users\LJ\STM32Cube\Repository\STM32Cube_FW_F1_V1.8.3\Drivers\STM32F1xx_HAL_Driver\Inc\stm32f1xx_hal_def.h</RelativePath>
                </VirtualFileSnapshot>
                <VirtualFileSnapshot>
                  <RelativePath>C:\Users\LJ\STM32Cube\Repository\STM32Cube_FW_F1_V1.8.3\Drivers\STM32F1xx_HAL_Driver\Src\stm32f1xx_hal.c</RelativePath>
                </VirtualFileSnapshot>
              </Files>
            </VirtualDirectorySnapshot>
            <VirtualDirectorySnapshot>
              <Name>RCC</Name>
              <Files>
                <VirtualFileSnapshot>
                  <RelativePath>C:\Users\LJ\STM32Cube\Repository\STM32Cube_FW_F1_V1.8.3\Drivers\STM32F1xx_HAL_Driver\Inc\stm32f1xx_hal_rcc.h</RelativePath>
                </VirtualFileSnapshot>
                <VirtualFileSnapshot>
                  <RelativePath>C:\Users\LJ\STM32Cube\Repository\STM32Cube_FW_F1_V1.8.3\Drivers\STM32F1xx_HAL_Driver\Inc\stm32f1xx_hal_rcc_ex.h</RelativePath>
                </VirtualFileSnapshot>
                <VirtualFileSnapshot>
                  <RelativePath>C:\Users\LJ\STM32Cube\Repository\STM32Cube_FW_F1_V1.8.3\Drivers\STM32F1xx_HAL_Driver\Src\stm32f1xx_hal_rcc.c</RelativePath>
                </VirtualFileSnapshot>
                <VirtualFileSnapshot>
                  <RelativePath>C:\Users\LJ\STM32Cube\Repository\STM32Cube_FW_F1_V1.8.3\Drivers\STM32F1xx_HAL_Driver\Src\stm32f1xx_hal_rcc_ex.c</RelativePath>
                </VirtualFileSnapshot>
              </Files>
            </VirtualDirectorySnapshot>
            <VirtualDirectorySnapshot>
              <Name>CORTEX</Name>
              <Files>
                <VirtualFileSnapshot>
                  <RelativePath>C:\Users\LJ\STM32Cube\Repository\STM32Cube_FW_F1_V1.8.3\Drivers\STM32F1xx_HAL_Driver\Inc\stm32f1xx_hal_cortex.h</RelativePath>
                </VirtualFileSnapshot>
                <VirtualFileSnapshot>
                  <RelativePath>C:\Users\LJ\STM32Cube\Repository\STM32Cube_FW_F1_V1.8.3\Drivers\STM32F1xx_HAL_Driver\Src\stm32f1xx_hal_cortex.c</RelativePath>
                </VirtualFileSnapshot>
              </Files>
            </VirtualDirectorySnapshot>
            <VirtualDirectorySnapshot>
              <Name>EXTI</Name>
              <Files>
                <VirtualFileSnapshot>
                  <RelativePath>C:\Users\LJ\STM32Cube\Repository\STM32Cube_FW_F1_V1.8.3\Drivers\STM32F1xx_HAL_Driver\Inc\stm32f1xx_hal_exti.h</RelativePath>
                </VirtualFileSnapshot>
                <VirtualFileSnapshot>
                  <RelativePath>C:\Users\LJ\STM32Cube\Repository\STM32Cube_FW_F1_V1.8.3\Drivers\STM32F1xx_HAL_Driver\Src\stm32f1xx_hal_exti.c</RelativePath>
                </VirtualFileSnapshot>
              </Files>
            </VirtualDirectorySnapshot>
            <VirtualDirectorySnapshot>
              <Name>TIM</Name>
              <Files>
                <VirtualFileSnapshot>
                  <RelativePath>C:\Users\LJ\STM32Cube\Repository\STM32Cube_FW_F1_V1.8.3\Drivers\STM32F1xx_HAL_Driver\Inc\stm32f1xx_hal_tim.h</RelativePath>
                </VirtualFileSnapshot>
                <VirtualFileSnapshot>
                  <RelativePath>C:\Users\LJ\STM32Cube\Repository\STM32Cube_FW_F1_V1.8.3\Drivers\STM32F1xx_HAL_Driver\Inc\stm32f1xx_hal_tim_ex.h</RelativePath>
                </VirtualFileSnapshot>
                <VirtualFileSnapshot>
                  <RelativePath>C:\Users\LJ\STM32Cube\Repository\STM32Cube_FW_F1_V1.8.3\Drivers\STM32F1xx_HAL_Driver\Src\stm32f1xx_hal_tim.c</RelativePath>
                </VirtualFileSnapshot>
                <VirtualFileSnapshot>
                  <RelativePath>C:\Users\LJ\STM32Cube\Repository\STM32Cube_FW_F1_V1.8.3\Drivers\STM32F1xx_HAL_Driver\Src\stm32f1xx_hal_tim_ex.c</RelativePath>
                </VirtualFileSnapshot>
              </Files>
            </VirtualDirectorySnapshot>
            <VirtualDirectorySnapshot>
              <Name>DMA</Name>
              <Files>
                <VirtualFileSnapshot>
                  <RelativePath>C:\Users\LJ\STM32Cube\Repository\STM32Cube_FW_F1_V1.8.3\Drivers\STM32F1xx_HAL_Driver\Inc\stm32f1xx_hal_dma_ex.h</RelativePath>
                </VirtualFileSnapshot>
                <VirtualFileSnapshot>
                  <RelativePath>C:\Users\LJ\STM32Cube\Repository\STM32Cube_FW_F1_V1.8.3\Drivers\STM32F1xx_HAL_Driver\Inc\stm32f1xx_hal_dma.h</RelativePath>
                </VirtualFileSnapshot>
                <VirtualFileSnapshot>
                  <RelativePath>C:\Users\LJ\STM32Cube\Repository\STM32Cube_FW_F1_V1.8.3\Drivers\STM32F1xx_HAL_Driver\Src\stm32f1xx_hal_dma.c</RelativePath>
                </VirtualFileSnapshot>
              </Files>
            </VirtualDirectorySnapshot>
            <VirtualDirectorySnapshot>
              <Name>UART</Name>
              <Files>
                <VirtualFileSnapshot>
                  <RelativePath>C:\Users\LJ\STM32Cube\Repository\STM32Cube_FW_F1_V1.8.3\Drivers\STM32F1xx_HAL_Driver\Inc\stm32f1xx_hal_uart.h</RelativePath>
                </VirtualFileSnapshot>
                <VirtualFileSnapshot>
                  <RelativePath>C:\Users\LJ\STM32Cube\Repository\STM32Cube_FW_F1_V1.8.3\Drivers\STM32F1xx_HAL_Driver\Src\stm32f1xx_hal_uart.c</RelativePath>
                </VirtualFileSnapshot>
              </Files>
            </VirtualDirectorySnapshot>
            <VirtualDirectorySnapshot>
              <Name>PWR</Name>
              <Files>
                <VirtualFileSnapshot>
                  <RelativePath>C:\Users\LJ\STM32Cube\Repository\STM32Cube_FW_F1_V1.8.3\Drivers\STM32F1xx_HAL_Driver\Inc\stm32f1xx_hal_pwr.h</RelativePath>
                </VirtualFileSnapshot>
                <VirtualFileSnapshot>
                  <RelativePath>C:\Users\LJ\STM32Cube\Repository\STM32Cube_FW_F1_V1.8.3\Drivers\STM32F1xx_HAL_Driver\Src\stm32f1xx_hal_pwr.c</RelativePath>
                </VirtualFileSnapshot>
              </Files>
            </VirtualDirectorySnapshot>
            <VirtualDirectorySnapshot>
              <Name>FLASH</Name>
              <Files>
                <VirtualFileSnapshot>
                  <RelativePath>C:\Users\LJ\STM32Cube\Repository\STM32Cube_FW_F1_V1.8.3\Drivers\STM32F1xx_HAL_Driver\Inc\stm32f1xx_hal_flash.h</RelativePath>
                </VirtualFileSnapshot>
                <VirtualFileSnapshot>
                  <RelativePath>C:\Users\LJ\STM32Cube\Repository\STM32Cube_FW_F1_V1.8.3\Drivers\STM32F1xx_HAL_Driver\Inc\stm32f1xx_hal_flash_ex.h</RelativePath>
                </VirtualFileSnapshot>
                <VirtualFileSnapshot>
                  <RelativePath>C:\Users\LJ\STM32Cube\Repository\STM32Cube_FW_F1_V1.8.3\Drivers\STM32F1xx_HAL_Driver\Src\stm32f1xx_hal_flash.c</RelativePath>
                </VirtualFileSnapshot>
                <VirtualFileSnapshot>
                  <RelativePath>C:\Users\LJ\STM32Cube\Repository\STM32Cube_FW_F1_V1.8.3\Drivers\STM32F1xx_HAL_Driver\Src\stm32f1xx_hal_flash_ex.c</RelativePath>
                </VirtualFileSnapshot>
              </Files>
            </VirtualDirectorySnapshot>
            <VirtualDirectorySnapshot>
              <Name>GPIO</Name>
              <Files>
                <VirtualFileSnapshot>
                  <RelativePath>C:\Users\LJ\STM32Cube\Repository\STM32Cube_FW_F1_V1.8.3\Drivers\STM32F1xx_HAL_Driver\Inc\stm32f1xx_hal_gpio.h</RelativePath>
                </VirtualFileSnapshot>
                <VirtualFileSnapshot>
                  <RelativePath>C:\Users\LJ\STM32Cube\Repository\STM32Cube_FW_F1_V1.8.3\Drivers\STM32F1xx_HAL_Driver\Src\stm32f1xx_hal_gpio.c</RelativePath>
                </VirtualFileSnapshot>
                <VirtualFileSnapshot>
                  <RelativePath>C:\Users\LJ\STM32Cube\Repository\STM32Cube_FW_F1_V1.8.3\Drivers\STM32F1xx_HAL_Driver\Inc\stm32f1xx_hal_gpio_ex.h</RelativePath>
                </VirtualFileSnapshot>
                <VirtualFileSnapshot>
                  <RelativePath>C:\Users\LJ\STM32Cube\Repository\STM32Cube_FW_F1_V1.8.3\Drivers\STM32F1xx_HAL_Driver\Src\stm32f1xx_hal_gpio_ex.c</RelativePath>
                </VirtualFileSnapshot>
              </Files>
            </VirtualDirectorySnapshot>
          </Subdirectories>
          <Files />
        </VirtualDirectorySnapshot>
      </Subdirectories>
      <Files>
        <VirtualFileSnapshot>
          <RelativePath>Core\Inc\gpio.h</RelativePath>
        </VirtualFileSnapshot>
        <VirtualFileSnapshot>
          <RelativePath>Core\Inc\tim.h</RelativePath>
        </VirtualFileSnapshot>
        <VirtualFileSnapshot>
          <RelativePath>Core\Inc\usart.h</RelativePath>
        </VirtualFileSnapshot>
        <VirtualFileSnapshot>
          <RelativePath>Core\Inc\stm32f1xx_it.h</RelativePath>
        </VirtualFileSnapshot>
        <VirtualFileSnapshot>
          <RelativePath>Core\Inc\stm32f1xx_hal_conf.h</RelativePath>
        </VirtualFileSnapshot>
        <VirtualFileSnapshot>
          <RelativePath>Core\Inc\main.h</RelativePath>
        </VirtualFileSnapshot>
        <VirtualFileSnapshot>
          <RelativePath>Core\Src\gpio.c</RelativePath>
        </VirtualFileSnapshot>
        <VirtualFileSnapshot>
          <RelativePath>Core\Src\tim.c</RelativePath>
        </VirtualFileSnapshot>
        <VirtualFileSnapshot>
          <RelativePath>Core\Src\usart.c</RelativePath>
        </VirtualFileSnapshot>
        <VirtualFileSnapshot>
          <RelativePath>Core\Src\stm32f1xx_it.c</RelativePath>
        </VirtualFileSnapshot>
        <VirtualFileSnapshot>
          <RelativePath>Core\Src\stm32f1xx_hal_msp.c</RelativePath>
        </VirtualFileSnapshot>
        <VirtualFileSnapshot>
          <RelativePath>Core\Src\main.c</RelativePath>
        </VirtualFileSnapshot>
      </Files>
    </RootDirectory>
    <Configurations>
      <ImportedConfiguration>
        <Settings>
          <IncludeDirectories>
            <string>D:\Work\GaoYang\Code\DVM\Core\Inc</string>
            <string>C:\Users\LJ\STM32Cube\Repository\STM32Cube_FW_F1_V1.8.3\Drivers\CMSIS\Include</string>
            <string>C:\Users\LJ\STM32Cube\Repository\STM32Cube_FW_F1_V1.8.3\Drivers\CMSIS\Device\ST\STM32F1xx\Include</string>
            <string>C:\Users\LJ\STM32Cube\Repository\STM32Cube_FW_F1_V1.8.3\Drivers\STM32F1xx_HAL_Driver\Inc</string>
            <string>C:\Users\LJ\STM32Cube\Repository\STM32Cube_FW_F1_V1.8.3\Drivers\STM32F1xx_HAL_Driver\Inc\Legacy</string>
            <string>C:\Users\LJ\STM32Cube\Repository\STM32Cube_FW_F1_V1.8.3\Drivers\STM32F1xx_HAL_Driver\Src</string>
          </IncludeDirectories>
          <PreprocessorMacros>
            <string>$$com.sysprogs.bspoptions.primary_memory$$_layout</string>
            <string>$$com.sysprogs.stm32.hal_device_family$$</string>
          </PreprocessorMacros>
          <GeneratePreprocessorOutput>false</GeneratePreprocessorOutput>
          <IsDebugConfiguration>false</IsDebugConfiguration>
        </Settings>
      </ImportedConfiguration>
    </Configurations>
  </ImportedProject>
</EmbeddedProfile>